{
  "timestamp": "2026-04-19T10:09:20+00:00",
  "metrics": {
    "retrieval": {
      "gold_set_size": 5,
      "top_k": 10,
      "results": [
        {
          "retriever": "graph",
          "top_k": 10,
          "mean_recall": 0.4166666666666667,
          "mean_precision": 0.1,
          "per_query": [
            {
              "query": "foundational deep learning diffusion models for image generation",
              "gold": [
                "W3036167779",
                "W4312933868",
                "W4281485151"
              ],
              "retrieved": [
                "W4312933868",
                "W4226317937",
                "W4386047807",
                "W3162926177",
                "W4294754026",
                "W4308163867",
                "W4386071957",
                "W4387195417",
                "W4386071831",
                "W4360884927"
              ],
              "hits": [
                "W4312933868"
              ],
              "recall": 0.3333333333333333,
              "precision": 0.1
            },
            {
              "query": "text-to-image diffusion models",
              "gold": [
                "W4281485151",
                "W4312933868",
                "W4390873054",
                "W4393148714"
              ],
              "retrieved": [
                "W4385270985",
                "W4386076532",
                "W4226125322",
                "W4385801729",
                "W4281485151",
                "W4387195417",
                "W4294754026",
                "W4386072096",
                "W4383472654",
                "W4320831569"
              ],
              "hits": [
                "W4281485151"
              ],
              "recall": 0.25,
              "precision": 0.1
            },
            {
              "query": "classifier-free guidance diffusion",
              "gold": [
                "W4386057777",
                "W4312933868"
              ],
              "retrieved": [
                "W4385801729",
                "W4386071831",
                "W4390873752",
                "W4320831569",
                "W4386057777",
                "W4360884927",
                "W4390873054",
                "W4298186886",
                "W3162926177",
                "W4386075859"
              ],
              "hits": [
                "W4386057777"
              ],
              "recall": 0.5,
              "precision": 0.1
            },
            {
              "query": "video generation with diffusion",
              "gold": [
                "W4390872556",
                "W4390873135"
              ],
              "retrieved": [
                "W4386071957",
                "W4303440777",
                "W4390873135",
                "W4390872556",
                "W4390874580",
                "W4226317937",
                "W4312933868",
                "W4386076617",
                "W4294754026",
                "W3162926177"
              ],
              "hits": [
                "W4390873135",
                "W4390872556"
              ],
              "recall": 1.0,
              "precision": 0.2
            },
            {
              "query": "controllable image generation diffusion",
              "gold": [
                "W4390873054",
                "W4393148714",
                "W3212516020"
              ],
              "retrieved": [
                "W4386076617",
                "W4308163867",
                "W4226317937",
                "W4312933868",
                "W3162926177",
                "W4386071831",
                "W4360884927",
                "W3177150392",
                "W4385801729",
                "W4386071957"
              ],
              "hits": [],
              "recall": 0.0,
              "precision": 0.0
            }
          ]
        },
        {
          "retriever": "vector",
          "top_k": 10,
          "mean_recall": 0.4166666666666667,
          "mean_precision": 0.1,
          "per_query": [
            {
              "query": "foundational deep learning diffusion models for image generation",
              "gold": [
                "W3036167779",
                "W4312933868",
                "W4281485151"
              ],
              "retrieved": [
                "W4312933868",
                "W4226317937",
                "W4386047807",
                "W3162926177",
                "W4294754026",
                "W4308163867",
                "W4386071957",
                "W4387195417",
                "W4386071831",
                "W4360884927"
              ],
              "hits": [
                "W4312933868"
              ],
              "recall": 0.3333333333333333,
              "precision": 0.1
            },
            {
              "query": "text-to-image diffusion models",
              "gold": [
                "W4281485151",
                "W4312933868",
                "W4390873054",
                "W4393148714"
              ],
              "retrieved": [
                "W4385270985",
                "W4386076532",
                "W4226125322",
                "W4385801729",
                "W4281485151",
                "W4387195417",
                "W4294754026",
                "W4386072096",
                "W4383472654",
                "W4320831569"
              ],
              "hits": [
                "W4281485151"
              ],
              "recall": 0.25,
              "precision": 0.1
            },
            {
              "query": "classifier-free guidance diffusion",
              "gold": [
                "W4386057777",
                "W4312933868"
              ],
              "retrieved": [
                "W4385801729",
                "W4386071831",
                "W4390873752",
                "W4320831569",
                "W4386057777",
                "W4360884927",
                "W4390873054",
                "W4298186886",
                "W3162926177",
                "W4386075859"
              ],
              "hits": [
                "W4386057777"
              ],
              "recall": 0.5,
              "precision": 0.1
            },
            {
              "query": "video generation with diffusion",
              "gold": [
                "W4390872556",
                "W4390873135"
              ],
              "retrieved": [
                "W4386071957",
                "W4303440777",
                "W4390873135",
                "W4390872556",
                "W4390874580",
                "W4226317937",
                "W4312933868",
                "W4386076617",
                "W4294754026",
                "W3162926177"
              ],
              "hits": [
                "W4390873135",
                "W4390872556"
              ],
              "recall": 1.0,
              "precision": 0.2
            },
            {
              "query": "controllable image generation diffusion",
              "gold": [
                "W4390873054",
                "W4393148714",
                "W3212516020"
              ],
              "retrieved": [
                "W4386076617",
                "W4308163867",
                "W4226317937",
                "W4312933868",
                "W3162926177",
                "W4386071831",
                "W4360884927",
                "W3177150392",
                "W4385801729",
                "W4386071957"
              ],
              "hits": [],
              "recall": 0.0,
              "precision": 0.0
            }
          ]
        },
        {
          "retriever": "hybrid",
          "top_k": 10,
          "mean_recall": 0.55,
          "mean_precision": 0.14,
          "per_query": [
            {
              "query": "foundational deep learning diffusion models for image generation",